<?xml version="1.0" encoding="UTF-8"?>
<project-private xmlns="http://www.netbeans.org/ns/project-private/1">
    <editor-bookmarks xmlns="http://www.netbeans.org/ns/editor-bookmarks/2" lastBookmarkId="0"/>
    <open-files xmlns="http://www.netbeans.org/ns/projectui-open-files/2">
        <group>
            <file>file:/C:/Users/Takta/Desktop/sohrab2/bazi_kalamat/src/WordGame/Functions_and_GUI.java</file>
            <file>file:/C:/Users/Takta/Desktop/sohrab2/bazi_kalamat/src/WordGame/Words_game.java</file>
        </group>
    </open-files>
</project-private>
